{
    " ": {
        "u_min": 0.0,
        "v_min": 0.8888888888888888,
        "u_max": 0.125,
        "v_max": 1.0,
        "aspect": 99.0
    },
    "0": {
        "u_min": 0.125,
        "v_min": 0.8888888888888888,
        "u_max": 0.25,
        "v_max": 1.0,
        "aspect": 0.8319327731092437
    },
    "1": {
        "u_min": 0.25,
        "v_min": 0.8888888888888888,
        "u_max": 0.375,
        "v_max": 1.0,
        "aspect": 0.8608695652173913
    },
    "2": {
        "u_min": 0.375,
        "v_min": 0.8888888888888888,
        "u_max": 0.5,
        "v_max": 1.0,
        "aspect": 0.8461538461538461
    },
    "3": {
        "u_min": 0.5,
        "v_min": 0.8888888888888888,
        "u_max": 0.625,
        "v_max": 1.0,
        "aspect": 0.8319327731092437
    },
    "4": {
        "u_min": 0.625,
        "v_min": 0.8888888888888888,
        "u_max": 0.75,
        "v_max": 1.0,
        "aspect": 0.8608695652173913
    },
    "5": {
        "u_min": 0.75,
        "v_min": 0.8888888888888888,
        "u_max": 0.875,
        "v_max": 1.0,
        "aspect": 0.8461538461538461
    },
    "6": {
        "u_min": 0.875,
        "v_min": 0.8888888888888888,
        "u_max": 1.0,
        "v_max": 1.0,
        "aspect": 0.8461538461538461
    },
    "7": {
        "u_min": 0.0,
        "v_min": 0.7777777777777778,
        "u_max": 0.125,
        "v_max": 0.8888888888888888,
        "aspect": 0.8608695652173913
    },
    "8": {
        "u_min": 0.125,
        "v_min": 0.7777777777777778,
        "u_max": 0.25,
        "v_max": 0.8888888888888888,
        "aspect": 0.8319327731092437
    },
    "9": {
        "u_min": 0.25,
        "v_min": 0.7777777777777778,
        "u_max": 0.375,
        "v_max": 0.8888888888888888,
        "aspect": 0.8461538461538461
    },
    ".": {
        "u_min": 0.375,
        "v_min": 0.7777777777777778,
        "u_max": 0.5,
        "v_max": 0.8888888888888888,
        "aspect": 3.3
    },
    "-": {
        "u_min": 0.5,
        "v_min": 0.7777777777777778,
        "u_max": 0.625,
        "v_max": 0.8888888888888888,
        "aspect": 1.7678571428571428
    },
    "+": {
        "u_min": 0.625,
        "v_min": 0.7777777777777778,
        "u_max": 0.75,
        "v_max": 0.8888888888888888,
        "aspect": 1.0879120879120878
    },
    "e": {
        "u_min": 0.75,
        "v_min": 0.7777777777777778,
        "u_max": 0.875,
        "v_max": 0.8888888888888888,
        "aspect": 1.076086956521739
    },
    "E": {
        "u_min": 0.875,
        "v_min": 0.7777777777777778,
        "u_max": 1.0,
        "v_max": 0.8888888888888888,
        "aspect": 0.8608695652173913
    },
    "K": {
        "u_min": 0.0,
        "v_min": 0.6666666666666667,
        "u_max": 0.125,
        "v_max": 0.7777777777777778,
        "aspect": 0.8608695652173913
    },
    "N": {
        "u_min": 0.125,
        "v_min": 0.6666666666666667,
        "u_max": 0.25,
        "v_max": 0.7777777777777778,
        "aspect": 0.8608695652173913
    },
    "m": {
        "u_min": 0.25,
        "v_min": 0.6666666666666667,
        "u_max": 0.375,
        "v_max": 0.7777777777777778,
        "aspect": 1.1
    },
    ",": {
        "u_min": 0.375,
        "v_min": 0.6666666666666667,
        "u_max": 0.5,
        "v_max": 0.7777777777777778,
        "aspect": 1.706896551724138
    },
    "A": {
        "u_min": 0.5,
        "v_min": 0.6666666666666667,
        "u_max": 0.625,
        "v_max": 0.7777777777777778,
        "aspect": 0.8608695652173913
    },
    "B": {
        "u_min": 0.625,
        "v_min": 0.6666666666666667,
        "u_max": 0.75,
        "v_max": 0.7777777777777778,
        "aspect": 0.8608695652173913
    },
    "C": {
        "u_min": 0.75,
        "v_min": 0.6666666666666667,
        "u_max": 0.875,
        "v_max": 0.7777777777777778,
        "aspect": 0.8319327731092437
    },
    "D": {
        "u_min": 0.875,
        "v_min": 0.6666666666666667,
        "u_max": 1.0,
        "v_max": 0.7777777777777778,
        "aspect": 0.8608695652173913
    },
    "F": {
        "u_min": 0.0,
        "v_min": 0.5555555555555556,
        "u_max": 0.125,
        "v_max": 0.6666666666666667,
        "aspect": 0.8608695652173913
    },
    "G": {
        "u_min": 0.125,
        "v_min": 0.5555555555555556,
        "u_max": 0.25,
        "v_max": 0.6666666666666667,
        "aspect": 0.8319327731092437
    },
    "H": {
        "u_min": 0.25,
        "v_min": 0.5555555555555556,
        "u_max": 0.375,
        "v_max": 0.6666666666666667,
        "aspect": 0.8608695652173913
    },
    "I": {
        "u_min": 0.375,
        "v_min": 0.5555555555555556,
        "u_max": 0.5,
        "v_max": 0.6666666666666667,
        "aspect": 0.8608695652173913
    },
    "J": {
        "u_min": 0.5,
        "v_min": 0.5555555555555556,
        "u_max": 0.625,
        "v_max": 0.6666666666666667,
        "aspect": 0.8461538461538461
    },
    "L": {
        "u_min": 0.625,
        "v_min": 0.5555555555555556,
        "u_max": 0.75,
        "v_max": 0.6666666666666667,
        "aspect": 0.8608695652173913
    },
    "M": {
        "u_min": 0.75,
        "v_min": 0.5555555555555556,
        "u_max": 0.875,
        "v_max": 0.6666666666666667,
        "aspect": 0.8608695652173913
    },
    "O": {
        "u_min": 0.875,
        "v_min": 0.5555555555555556,
        "u_max": 1.0,
        "v_max": 0.6666666666666667,
        "aspect": 0.8319327731092437
    },
    "P": {
        "u_min": 0.0,
        "v_min": 0.4444444444444444,
        "u_max": 0.125,
        "v_max": 0.5555555555555556,
        "aspect": 0.8608695652173913
    },
    "Q": {
        "u_min": 0.125,
        "v_min": 0.4444444444444444,
        "u_max": 0.25,
        "v_max": 0.5555555555555556,
        "aspect": 0.6644295302013423
    },
    "R": {
        "u_min": 0.25,
        "v_min": 0.4444444444444444,
        "u_max": 0.375,
        "v_max": 0.5555555555555556,
        "aspect": 0.8608695652173913
    },
    "S": {
        "u_min": 0.375,
        "v_min": 0.4444444444444444,
        "u_max": 0.5,
        "v_max": 0.5555555555555556,
        "aspect": 0.8319327731092437
    },
    "T": {
        "u_min": 0.5,
        "v_min": 0.4444444444444444,
        "u_max": 0.625,
        "v_max": 0.5555555555555556,
        "aspect": 0.8608695652173913
    },
    "U": {
        "u_min": 0.625,
        "v_min": 0.4444444444444444,
        "u_max": 0.75,
        "v_max": 0.5555555555555556,
        "aspect": 0.8461538461538461
    },
    "V": {
        "u_min": 0.75,
        "v_min": 0.4444444444444444,
        "u_max": 0.875,
        "v_max": 0.5555555555555556,
        "aspect": 0.8608695652173913
    },
    "W": {
        "u_min": 0.875,
        "v_min": 0.4444444444444444,
        "u_max": 1.0,
        "v_max": 0.5555555555555556,
        "aspect": 0.8608695652173913
    },
    "X": {
        "u_min": 0.0,
        "v_min": 0.33333333333333337,
        "u_max": 0.125,
        "v_max": 0.4444444444444444,
        "aspect": 0.8608695652173913
    },
    "Y": {
        "u_min": 0.125,
        "v_min": 0.33333333333333337,
        "u_max": 0.25,
        "v_max": 0.4444444444444444,
        "aspect": 0.8608695652173913
    },
    "Z": {
        "u_min": 0.25,
        "v_min": 0.33333333333333337,
        "u_max": 0.375,
        "v_max": 0.4444444444444444,
        "aspect": 0.8608695652173913
    },
    "a": {
        "u_min": 0.375,
        "v_min": 0.33333333333333337,
        "u_max": 0.5,
        "v_max": 0.4444444444444444,
        "aspect": 1.076086956521739
    },
    "b": {
        "u_min": 0.5,
        "v_min": 0.33333333333333337,
        "u_max": 0.625,
        "v_max": 0.4444444444444444,
        "aspect": 0.7857142857142857
    },
    "c": {
        "u_min": 0.625,
        "v_min": 0.33333333333333337,
        "u_max": 0.75,
        "v_max": 0.4444444444444444,
        "aspect": 1.076086956521739
    },
    "d": {
        "u_min": 0.75,
        "v_min": 0.33333333333333337,